,名词,动词
0,心思,放
1,眼泪,滴
2,嘴,凑
3,涎水,0
4,老几,耽误
5,时间,运送
6,0,追
7,剪刀,转
8,孩子,贴
9,耳机,背
10,信,寄
11,文章,寄
12,女孩子,叫
13,女孩,0
14,0,拉
17,狮子头,0
19,帐篷,调
20,0,甩
21,0,扎
22,0,搀扶
24,假牙,0
25,钞票,装
26,牛车,0
27,死人,拉
28,桌子,移
29,姆妈,接
30,母亲,0
31,脖子,0
32,耳朵,0
33,嘴巴,0
34,陆家,0
35,父亲,0
36,鸡,轰
38,椅子,0
41,0,搬
42,医生,抱
44,泥水,溅
45,0,拖
46,水,递
47,绳套,0
48,0,缠
49,工作服,领
50,疯子,牵
51,羊,0
52,0,扶
53,儿子,0
54,草垛子,0
55,凳子,0
56,胳膊,0
57,苦根,分散
58,0,坐
59,0,扭
63,钱,喜
64,犁,0
65,堂弟,0
66,脚,0
67,0,举
68,手套,扛
70,0,伸
72,垃圾,0
73,木板,0
75,书包,花
78,盐,0
79,蚕茧,扫
80,船,挂
81,双手,写
83,水沫,0
84,历史,0
85,0,交
86,车,0
87,目光,卖
88,0,摇
89,0,靠
90,国力,0
91,事情,0
92,范围,0
93,0,浓缩
94,0,溶解
95,人,开
96,话,0
97,战表,0
98,0,停
99,0,糟蹋
100,0,做
101,0,扩大
102,功夫,0
103,辫子,缩
104,老头儿,0
105,眼珠,扯
106,理性,0
107,战魔,捎
108,天堂,0
109,花儿,0
110,光明,挤
111,0,改用
112,命运,0
113,活地狱,找
114,蛋糕,0
115,牛,搬
116,0,建
117,尾巴,0
118,读者,0
119,语言,0
120,羊群,抓
121,儿童,0
122,0,捧
123,拖鞋,0
125,人们,撅
126,贼,引
127,螃蟹,减少
128,神魂,敲碎
129,刀子,0
130,狮子,0
132,糖果,踢
133,自行车,落
134,行李,挪
135,钢钢,吸引
136,大车,0
137,棉花,捉
138,脸,0
139,米粉肉,叼
140,稿子,0
141,问题,召回
142,海,0
143,秤,吓
144,秤盘,0
145,武术,0
146,少爷,0
147,0,推
148,怒火,抬
149,客人,0
150,对方,摊
151,牌,搁
152,0,埋
153,方巾,蒸
154,试题,发
155,话题,端
157,国家,练
158,话头,0
159,朋友,倾泻
160,0,0
161,脑袋,迎
163,0,拍
164,包袱,绕
165,视线,0
166,房子,0
167,扇子,0
168,队伍,0
169,船队,0
170,势力,闹
171,老朋友,0
172,主意,0
173,0,转移
174,0,凑
175,0,0
177,兵权,0
178,饭菜,0
179,灯点,0
180,地盘,0
181,0,0
183,茶杯,0
184,妾,0
185,脸盆,扩展
186,战场,安置
187,话筒,打
188,0,说
189,收音机,0
191,皮包,0
192,眼睛,关
193,伙房,摆
194,菜,0
195,0,拓展
196,果园,0
197,鹰擎,0
200,草帽,0
202,电话,0
203,0,0
204,资金,罩
205,产值,改
206,背包,0
207,0,0
208,0,贴
210,耳贴,承包
211,0,0
213,0,扣
214,裤管,0
215,嘴唇,0
216,火钳,0
217,民办教师,搞
218,笔力,0
219,爹,0
220,挑子,0
221,徒弟,0
222,媳妇,翻
223,女儿,0
224,馅饼,0
225,老头,要
227,鱼,挽
229,0,塞
230,豆腐,0
231,单位,0
233,0,招
234,罪过,娶
235,气,嫁
236,0,吃
237,车子,0
238,触角,0
239,行囊,系
241,轮椅,称
242,学生,停
243,念头,0
245,宝盒,0
246,钱袋,0
247,0,归
248,0,撒
249,腿,倒退
250,0,伸
251,礼物,0
252,脊背,0
253,音响,摇
254,热气,教
255,意见,0
256,注意力,0
258,票子,留到
260,原因,拐
261,0,开
262,音量,0
264,0,拧
265,烟头,呼
266,私事,0
268,娃娃,0
269,镰刀,扭
270,游客,0
271,0,钻
272,烟,归结
273,牌子,0
274,楼盖,0
275,娃娃鱼,绑
277,手指,0
279,离婚证,0
280,外孙,砍
281,0,分
283,套鞋,0
284,棺材,运
286,铁路,捉
287,0,压
288,思路,0
289,油门,0
290,烟盒,揽
291,机会,挣
292,火,0
293,0,0
296,0,修
297,老娘,0
298,工程,0
299,0,插
300,物资,0
301,0,牵
304,0,丢
305,饭桌,0
308,0,迁
309,木笼,0
310,核,0
311,祖国,0
312,野花,0
313,0,0
316,石子,0
317,鞭炮,0
318,眼光,0
321,藤椅,0
322,0,召唤
323,蜜枣,0
324,右手,洒
325,0,挑
327,0,掷
329,银匙,0
331,口水,0
332,责任,0
333,烛台,0
334,书,0
336,0,0
337,0,挨
339,0,射
340,信纸,0
343,0,吐
344,日记,0
345,笔,0
348,白沫,转
349,眉头,0
350,口沫,0
351,手腕,0
354,小说,0
355,船划,0
356,0,0
357,酒杯,0
358,电报,0
359,0,喷
360,全,0
361,粽子,0
362,园,0
363,0,落
366,新郎,0
367,0,拨
369,0,拍
372,字条,吹
373,面盆,0
377,0,冲
381,老婆,0
383,0,交还
384,真话,请
385,新娘,0
386,文稿,看
387,大字报,0
396,市长,关
397,0,骗
399,0,引
403,木料,见
404,笔塞,0
406,灯,0
407,筷子,0
410,词锋,0
411,姑母,0
412,炉子,0
413,煤灰,0
416,杂志,0
418,担子,0
420,灯芯,0
422,0,移
423,0,插
425,灯端,0
430,烧饼,0
431,酱肉,救
434,0,挑
437,0,问
438,0,0
439,饭,拢
443,钥匙,0
444,日子,0
445,0,抬
446,铜子,0
447,水壶,0
448,屋子,0
449,0,取
452,异性,0
453,0,绕
454,本领,0
456,0,揣
459,0,0
460,汽车,混
461,0,取
462,十字架,0
463,助产士,0
464,0,照遍
467,女人,0
468,舅舅,0
469,芙蓉,0
470,国民经济,学
471,血液,0
472,鼻子,0
473,奖金,0
474,0,回避
476,0,存
477,会场,0
478,0,闹
480,0,送
482,头颅,坚持
483,官,0
485,0,安排
486,老师,弄
487,0,挤压
489,爱情,0
490,绳子,0
492,鱼装,0
493,烟锅,0
494,0,逼
495,0,移植
497,0,转
498,树叶,0
499,0,顶
501,咖啡,0
504,0,0
505,0,抓
506,水果刀,0
507,伤口,0
509,肥料,0
512,闹钟,0
513,箱子,0
514,女朋友,拿
515,雨衣,0
517,面包,0
519,0,转向
520,香烟,0
523,热水,0
524,头发,0
525,袜子,0
527,0,包
533,0,拨
534,0,拎
538,灯笼,0
539,麻,0
541,0,吹灭
542,猪脚,0
545,猪,0
546,0,剃
547,小张,0
548,帽子,0
549,伞,0
550,盒子,0
551,0,绊
552,枪口,跨
553,0,搀
555,0,掀
556,0,搠
557,0,载
559,小册子,0
561,0,衔
563,枪,0
564,狗,0
566,0,夺
567,0,戴
568,饭端,0
570,铁锹,0
571,火柴,0
572,0,探
573,毒气,逼
574,拉链,0
575,包围圈,0
576,水桶,0
577,妹子,0
578,0,撂
580,官兵们,撤
581,敌军,0
582,丈夫,0
583,思想,0
585,消息,0
586,事实,0
587,嗓音,0
588,部队,0
589,全军,0
590,0,散布
591,脑筋,0
592,0,缩小
594,距离,0
595,0,推进
598,家庭,0
600,0,转注
601,全家,0
602,0,夸大
603,错误,提高
605,0,撤退
607,0,动
608,匕首,0
609,床,0
610,战线,0
612,地价,追究
615,驴,撤离
617,丑话,跳
621,黄包车,0
623,扫帚,0
625,0,0
626,荞麦,伸展
627,0,撑
628,价钱,0
629,0,驾
631,鞋子,0
632,0,抢
634,0,进
636,0,担
637,耗子,0
639,0,抢
640,司机,0
641,战士,0
642,飞机票,0
643,0,顺
644,0,投射
645,衣服,0
647,小伙子,0
648,0,0
651,录音机,0
652,武器,0
654,0,拨拉
655,毛衣,拖累
656,路,0
657,报纸,推
661,罪责,0
662,爸,0
664,0,打入
665,后头,0
666,皇帝,0
667,政权,0
668,字,0
669,传票,走
673,铜板,0
674,油滴,0
675,黑影,羞辱
676,账算,打发
677,洞穴,0
678,肉,拥
683,木棍,0
684,病床,0
686,0,蘸
688,烟斗,0
690,奶头,淹
691,弟弟,0
693,指头,0
694,0,捡
695,饮食,0
696,馒头,0
698,花生,0
700,茶,0
705,筛子,0
706,公文,0
708,环儿,忘记
709,炭盆,0
711,太太,0
712,信息,0
713,速度,0
714,衣箱,0
715,婴儿,0
717,哨兵,0
719,茶端,0
722,首领,0
723,军官,0
725,耳罩,0
726,娼妓,0
728,0,减
734,八仙桌,0
738,怒气,0
741,枕巾,0
742,马桶,拉低
744,尿,0
747,空调,0
748,0,0
751,飞沫,0
754,妻子,0
756,剪子,0
757,花圈,0
760,上司,0
764,戒指,0
766,学员,0
768,手绢,0
769,男人,0
771,鼠标,0
773,力量,0
774,精力,0
777,0,投
779,肉片,0
790,0,传
791,0,0
792,0,回复
796,鼻尖,翻卷
798,0,钳
799,小孔,0
801,纸条,0
802,签字笔,0
804,0,栽
808,骡子,仰
810,桨,0
811,板凳,0
814,画报,0
816,舅父,引导
818,0,脱光
819,老友,0
820,身体,0
821,0,0
823,0,送
824,小手,0
825,小孩子,0
827,精神,0
828,瓢,0
829,男子,0
830,0,拖
832,0,0
833,鸡蛋,0
835,诗人,平
836,0,隐藏
837,丸子,0
839,0,陷
840,0,望
841,邮差,苛责
842,信件,0
845,年龄,0
847,马,消磨
849,0,摔
850,羊角,0
852,灵魂,0
855,0,收藏
857,0,牵引
858,犯人,0
859,0,倾
861,刀,0
865,心灵,0
866,0,成立
870,碗盏,徘徊
871,笔杆,0
872,姓名,0
874,全市,0
875,袖子,0
876,药灌,泡
880,镜子,搭
885,0,迷醉
889,瓶,嵌
890,枣子,收拾
893,歌声,0
894,积水,0
895,漆匠,0
899,角子,0
900,兵士,0
901,0,0
902,肩膊,0
903,0,劝
905,三弦,0
906,0,摸
913,诗,0
914,手掌,0
916,烟叶,0
917,鸟兽,0
921,皮夹,攫
922,花,0
923,0,邀
926,心,卸
928,小船,摔
929,棺木,0
930,0,使用
931,梦,0
934,杯子,0
936,石块,保留
938,纸烟,拈
939,0,0
942,0,0
947,匣子,0
949,信藏,0
950,0,飞
952,被盖,0
953,扣子,0
954,雪用,0
955,雪,0
956,座位,0
957,人带,0
959,牛系,0
961,衣袖,0
962,牛脚,0
967,伙计,0
968,人头,0
969,0,耗费
970,神巫,0
971,0,0
974,女主人,0
977,0,敷
978,全身,占据
979,0,回
983,0,扳举
985,来客,0
986,0,借
988,眼,款待
990,0,煎熬
991,0,泼
994,狼,隐
995,0,0
999,鸭子,0
1004,0,推托
1005,0,溜
1008,血流,0
1009,烟塞,0
1012,0,磨快
1015,土,0
1017,女子,0
1023,0,汇
1026,小孩,俯伏
1028,舌,闷
1030,0,欢迎
1032,名字,0
1033,男女,哄
1036,工厂,0
1038,缆绳,0
1040,0,喂养
1044,被子,0
1045,0,抱
1047,0,推卸
1051,0,吸
1052,作业本,0
1054,舌头,0
1056,警棍,0
1057,铁门,0
1059,铁链,0
1060,枕头,0
1062,故事,0
1063,两条腿,0
1064,0,翘
1065,兔子,0
1067,绞索,0
1073,右脚,0
1074,左脚,0
1079,0,打开
1081,精液,穿
1087,0,伸直
1089,时光,0
1096,木杆,0
1097,机器,0
1098,剑,0
1102,事,0
1104,0,骑
1105,糠,0
1107,保险杠,跷
1109,0,搁
1111,好人,0
1112,世界,0
1114,红线,0
1115,竹子,0
1119,烟蒂,0
1121,炊烟,磨
1123,肚子,瞪
1125,0,兑
1127,0,撞坏
1129,0,干
1131,人影,0
1133,0,写
1137,0,0
1139,0,埋
1140,0,弹
1142,0,排
1152,小,0
1156,坛子,0
1157,活人,0
1158,链子,0
1159,水箱,0
1163,手铐,0
1164,罪名,0
1166,立场,0
1172,茶叶,0
1174,0,压
1180,0,加
1183,细菌,0
1184,敌人,0
1185,口琴,0
1190,语录,0
1192,火炉,0
1196,0,搂
1198,天压,0
1199,爷爷,0
1202,裤子,0
1203,锅,0
1206,材料,0
1211,主人,0
1213,平板车,0
1216,战争,0
1217,阴影,0
1221,首饰,0
1223,骡马,0
1227,位子,0
1232,沙子,0
1233,0,蹬
1235,产品,0
1236,饭碗,0
1237,大箱子,强加
1238,0,留
1239,笑话,0
1241,0,0
1243,妓女,挤
1244,大嫂,0
1245,球,0
1246,大哥,0
1247,口信,0
1249,饽饽,0
1250,油水,0
1251,煤,0
1252,爸爸,存
1255,热,0
1257,酒瓶,砸
1258,亲家,0
1266,父子,0
1268,枝子,0
1271,0,捞
1273,姊妹,0
1274,0,办妥
1275,0,搬运
1277,雪花,0
1280,流氓,0
1285,功课,0
1286,衣裳,0
1287,泪,0
1288,笑意,0
1289,牧师,0
1290,哭声,0
1291,内侄,0
1292,头皮,0
1293,炮,0
1294,留学生,0
1295,食指,0
1296,烟卷,0
1299,神坛,0
1303,杏,0
1308,错儿,0
1310,0,0
1312,0,压抑
1313,乱子,0
1314,菜刀,0
1317,0,作
1320,儿媳妇,0
1321,身分,0
1326,0,递进
1328,0,斜射
1329,0,收回
1332,0,诓
1333,一家人,0
1334,烟灰,0
1337,尸体,0
1339,0,歪
1340,稀饭,0
1344,鼻涕,降落
1345,0,欺侮
1347,芒果,0
1349,蚯蚓,0
1351,猫,0
1353,资本,0
1358,茧子,0
1359,0,埋没
1363,肩膀,0
1366,厂,凝望
1372,0,灌
1374,0,踢开
1375,妈,0
1379,0,垂
1382,拳头,0
1386,司令员,0
1390,炸弹,0
1393,政委,0
1397,0,入殓
1399,刮胡刀,0
1400,任务,0
1402,金黄色,0
1403,0,耷拉
1404,虾子,0
1407,嗓门,搞垮
1408,乳头,0
1412,牲口,0
1417,大饼,捅
1420,死尸,0
1426,0,刮
1427,0,分解
1429,0,盛
1430,女婴,0
1431,瓦罐,0
1432,野菜,0
1434,豪宅,0
1435,书藏,0
1436,班长,0
1437,电视,0
1441,眼贴,0
1442,尸首,0
1443,灯光,0
1447,鹅,0
1449,0,戳
1451,0,嫁接
1453,歹徒,0
1454,0,触
1470,蜂蜜,反射
1471,0,劈
1479,烟酒,0
1480,0,抛弃
1481,0,撤
1482,猪头,0
1483,0,0
1484,不锈钢,褪
1489,炮弹,0
1491,杠子,0
1496,妹妹,0
1497,食物,0
1501,磅秤,护送
1502,记者,倾吐
1504,甜瓜,0
1505,0,披
1506,电视机,0
1508,误差,0
1513,鞋,0
1517,0,撵
1523,虱子,0
1524,蒜薹,0
1527,娘,0
1530,瓶子,0
1535,鱼缸,触
1536,屎,0
1537,木桶,0
1540,驴车,0
1545,中年人,0
1553,徽章,背
1555,苍蝇,0
1556,书念,提
1558,银子,0
1559,0,支烟
1560,泥巴,0
1562,大人,0
1563,火种,0
1566,血,0
1567,眼神,0
1570,黑碗,0
1571,0,咧开
1575,手表,0
1579,双脊,0
1580,0,荡
1583,小鸡,0
1588,猫头,0
1590,粪肥,0
1593,烟袋锅,0
1594,碱土,刺
1595,绳索,0
1599,害虫,0
1600,果核,0
1601,树杈,0
1602,猪蹄,0
1608,0,擒住
1609,珍珠,0
1610,霉气,削落
1611,草,0
1612,0,驮
1615,奶奶,0
1617,0,抹
1618,瓷盘,0
1619,0,0
1621,0,搡
1622,饼,0
1623,包子,倒
1624,银钱,0
1625,0,0
1626,0,驱赶
1628,砖头,0
1632,镐头,0
1634,机枪,0
1637,0,沾
1640,0,浇
1641,粮食,0
1642,猴子,0
1644,脚丫子,0
1647,虾酱,0
1649,茅台酒,踢翻
1651,桃子,0
1654,锤子,0
1656,油灯,0
1658,唾沫,0
1660,泥土,0
1661,0,托
1668,雨伞,0
1670,手枪,0
1671,缸子,摇醒
1672,冰块,0
1677,大腿,0
1678,瓜,0
1679,瓜皮,附
1680,蝌蚪,0
1682,玫瑰,0
1683,菊花,0
1686,鞭子,0
1687,盒子炮,支
1689,牛粪,0
1691,0,啐
1693,饺子,0
1694,孪生兄弟,0
1699,麦粒,0
1700,大衣,0
1702,0,翻
1706,饭粒,0
1708,花盆,0
1709,0,撩
1714,谷粒,0
1717,痰,0
1721,倭瓜,0
1726,声响,0
1727,饼干,0
1730,米袋子,填
1731,零钱,0
1732,0,盖
1737,0,折
1738,0,0
1739,花端,0
1741,火车,0
1742,砂子,0
1743,家眷,0
1745,晚餐,0
1746,0,解
1748,炭气,0
1749,空气,消灭
1750,小刀,0
1751,灯台,0
1752,篓子,0
1754,学位,0
1759,0,撞
1763,力,0
1765,妇人,0
1766,0,钻
1767,官司,0
1771,架子车,0
1774,植物,0
1778,编织袋,0
1779,挂面,预备
1780,脏水,0
1782,0,排泄
1783,三轮车,0
1784,0,0
1786,床单,0
1788,火气,读
1790,料子,岔
1791,地点,0
1792,枪架,0
1793,土窑,0
1795,地,晾晒
1796,尺子,跑
1797,0,0
1802,老人家,转换
1803,对象,0
1804,缰绳,0
1808,税票,0
1809,0,0
1811,0,煮
1815,0,像
1816,纸,0
1819,网兜,0
1820,饭票,0
1822,0,发泄
1827,药,炸塌
1828,0,讹
1829,罐子,0
1830,0,退回
1832,领导,0
1834,会议,0
1835,石头,入
1836,力气,0
1837,光景,招呼
1838,工钱,0
1840,户口,0
1841,盘子,0
1843,0,0
1844,少安,0
1845,方向盘,0
1848,灶具,0
1850,水罐,0
1855,权力,0
1857,0,吆
1859,0,交待
1863,宿舍,0
1864,大夫,0
1867,诗贴,0
1869,0,谋
1870,能力,0
1874,妈妈,0
1876,面,0
1878,兵,0
1880,队长,0
1882,熊皮,0
1885,糨子,0
1899,0,镇压
1901,0,延伸
1902,0,发挥
1904,麻雀,0
1906,秘书,抄
1907,0,舀
1909,学校,0
1910,0,告到
1912,0,铺
1913,锅端,喂
1914,玉蜀黍,0
1916,槐花,0
1917,蛾子,0
1919,0,捕
1923,龙头,0
1925,身子,0
1928,梯子,0
1934,0,摆
1936,劲,0
1937,0,聚
1939,煤运,0
1941,大姐,0
1942,媒人,0
1946,青蛙,0
1948,棉被,0
1949,纸箱,0
1950,青菜,0
1954,0,晾
1955,地毯,0
1959,种子,0
1966,粮仓,0
1967,书记官,0
1968,棋子,0
1970,土司,0
1973,颜色,0
1974,教师,0
1982,针,0
1984,照片,滚
1986,老本,0
1987,0,0
1989,0,哭
1991,冰棍儿,0
1992,长线,0
1993,饭食,0
2000,0,涂
2002,铜钱,0
2004,水笔,瞅
2007,捻子,0
2010,盆子,0
2012,麻绳,0
2017,铡刀,0
2018,金书,0
2021,上衣,0
2025,母畜,0
2027,0,0
2028,眼窝,0
2032,人马,0
2034,0,0
2035,梭子,拴
2037,簸箕,0
2038,拐杖,0
2039,死者,0
2041,菜碟,0
2048,心力,0
2049,炉头,0
2052,链条,0
2054,0,使
2055,烟袋,0
2059,0,扩充
2061,鼻血,0
2062,砂石,0
2064,牲畜,0
2067,表妹,认
2071,命,0
2074,划子,0
2075,0,拱
2076,好事,0
2078,双脚,0
2080,胖子,能
2085,佃户,0
2086,褥子,寄养
2093,卷子,0
2097,日记本,0
2099,钢笔,0
2101,大妈,0
2102,土地,0
2103,染料,0
2104,大雁,0
2106,团长,0
2107,0,0
2108,苹果,0
2114,主力,0
2117,0,烧
2122,伤员,0
2123,权,拐骗
2126,0,掠
2128,汗,0
2130,0,办
2132,爆破筒,0
2133,弹片,0
2134,题目,0
2135,信塞,目送
2136,汗水,0
2137,声音,0
2139,皮球,0
2140,污泥,0
2144,0,藏
2151,动作,0
2152,0,0
2157,鹿,0
2158,牙膏,0
2159,螺旋桨,0
2160,书签,0
2165,货物,0
2166,雨,0
2168,线,洒
2172,赎金,0
2177,眼镜,0
2182,钱包,0
2187,大姑娘,0
2189,双,0
2191,奴隶,0
2194,地面,0
2197,舢板,0
2199,酒桶,0
2200,俘虏,0
2203,0,拉长
2204,熊,0
2206,0,分装
2207,诗抄,0
2208,火炬,掸
2209,0,勾引
2210,木柴,0
2213,大牲畜,0
2214,祭神,0
2215,香料,0
2219,0,举
2221,部下,0
2224,鸟衔,0
2225,鸟,0
2227,海藻,0
2228,0,0
2230,0,0
2233,猎物,0
2236,羚羊,0
2241,0,划
2242,0,0
2244,罪恶,0
2245,陌生人,0
2249,图案,0
2250,0,带走
2252,鼻,增加
2253,0,点燃
2254,0,抽
2255,0,安放
2257,0,进行
2258,脊梁骨,0
2259,论点,0
2263,0,浸
2268,奶水,0
2270,膝盖,0
2274,纸袋,0
2277,0,放生
2298,0,捻
2307,0,挨近
2308,数字,0
2309,0,打碎
2313,炸药,0
2315,茶盘,0
2321,0,抖落
2325,茶碗,0
2331,0,送出
2332,名片,0
2347,宝物,0
2351,动静,0
2357,笛子,0
2365,裙子,0
2366,机器人,0
2367,稿酬,拱
2369,早饭,0
2377,传染病,0
2386,农夫,0
2387,横笛,0
2393,粉,0
2398,皮囊,0
2402,命令,0
2406,听筒,0
2407,新兵,0
2409,步枪,0
2410,花瓶,0
2412,衬衫,0
2413,碎片,0
2414,0,合
2415,草莓,0
2417,0,引向
2419,证件,0
2422,汤,0
2424,炉门,0
2425,羊羔,0
2427,雪茄,0
2432,家具,0
2433,钻戒,0
2434,0,传布
2435,胳臂,0
2437,传统,拿
2438,左腿,0
2439,右腿,传遍
2443,垃圾桶,0
2444,0,移居
2448,离合器,0
2451,踏板,0
2453,叉子,0
2455,器械,0
2456,0,知道
2458,手臂,0
2459,齿冠,0
2461,政府,0
2463,0,分发
2468,0,派
2474,麻疹,0
2476,病人,0
2480,思绪,0
2482,汤匙,0
2486,租金,0
2492,人民,0
2493,僧侣,0
2494,车厢,0
2495,前额,0
2499,背带,0
2500,牙签,0
2501,股票,露
2504,草木灰,0
2510,信号旗,0
2513,0,拼
2515,0,拂
2524,行李袋,0
2528,车速,0
2531,0,放走
2537,门锁,0
2539,车牌,0
2541,0,折腾
2548,拇指,0
2549,指甲,0
2551,0,撇
2558,火焰,0
2559,矿物,0
2561,0,踩
2562,0,放回
2563,人名,0
2564,0,嚼
2565,0,投放
2566,棍子,0
2572,0,0
2576,0,迁移
2580,干酪,0
2581,小牛,捋
2584,碟子,0
2592,母牛,0
2593,0,退
2594,0,放慢
2596,砖,0
2598,现实主义,0
2600,长子,0
2604,0,照
2607,手帕,0
2608,蜡烛,0
2610,裤腿,0
2611,外套,0
2613,0,扎进
2617,兵团,0
2618,烂泥,0
2619,大炮,0
2621,颜料,0
2623,0,收集
2624,面包屑,0
2628,爪子,0
2629,0,忘
2630,0,刻
2636,0,抹布
2637,灵柩,0
2639,将军,0
2640,棋,0
2641,棋盘,赶
2644,绷子,0
2647,电站,0
2651,活儿,0
2657,0,撒
2660,0,0
2661,画,0
2664,火星,0
2665,0,砌
2666,0,集拢
2675,遗体,0
2676,蔬菜,0
2679,0,0
2684,压迫者,0
2685,0,抛
2687,银币,0
2688,0,0
2692,口袋,0
2694,0,弯
2695,0,0
2697,炭,0
2700,礼节,0
2703,0,买
2714,独轮车,0
2715,0,吓跑
2718,胶皮,0
2720,0,通
2721,0,0
2724,铃铛,0
2725,脸颊,0
2726,舌尖,指责
2727,明信片,0
2731,针刺,0
2736,瓶口,0
2738,笼子,0
2740,轿子,0
2742,0,讲
2743,侍女,0
2745,雪橇,0
2746,0,0
2748,0,0
2752,啤酒,0
2754,天平,0
2758,0,提升
2759,骨骼,0
2760,0,贬低
2761,套圈,0
2765,银元,0
2768,船票,0
2769,诗集,0
2772,筏子,0
2773,金子,0
2779,皮货,0
2780,枝条,0
2783,0,停放
2789,兴趣,0
2791,月亮,0
2793,0,枕
2794,0,0
2795,脚跷,0
2801,里程计,0
2802,黑板,0
2805,睡莲,0
2806,月光,0
2808,线绳,0
2809,0,安
2812,乳浆,0
2814,生殖器,0
2820,感情,0
2824,0,放
2825,沙装,0
2832,光线,夸张
2835,门板,0
2837,讲稿,0
2838,公众,0
2840,内廷,0
2847,容器,0
2848,杂草,0
2849,公主,0
2852,葡萄酒,0
2856,朝圣者,0
2857,帽檐,0
2859,0,0
2861,风帽,0
2862,骑士,0
2865,号角,0
2874,0,垂落
2876,0,0
2879,0,倾斜
2884,0,0
2888,国王,0
2889,院长,0
2890,0,勾
2893,0,0
2895,积雪,0
2898,海水,0
2900,卡车,0
2905,糖水,0
2906,0,集合
2907,游泳裤,0
2909,斧子,0
2911,土豆,扩散
2912,糖,0
2917,鳗鱼,0
2918,0,0
2920,0,支
2923,0,争取
2924,白糖,0
2927,额头,0
2929,疗养院,0
2930,0,踹
2932,工具,0
2938,基座,0
2941,梳子,0
2943,0,汇集
2950,书本,0
2954,矿灯,0
2955,0,挨
2957,奶牛,0
2962,地址,0
2974,勇气,0
2975,箭,0
2982,刀柄,0
2984,姑娘,0
2986,0,瞟
2988,0,脱
2994,旅行袋,0
2996,公使,0
2998,餐巾,0
2999,马车,0
3000,0,梳
3002,鲜花,0
3004,歌片,0
3005,音乐,0
3009,花束,0
3021,画像,0
3022,0,撕碎
3024,底片,0
3025,乐谱,0
3027,业务,0
3036,护,滗
3041,0,喊
3045,信交,0
3046,0,捂
3047,剑锋,0
3053,脚板,0
3055,店主,0
3056,竹管,0
3058,风马牛,0
3063,头盔,0
3065,0,拽
3066,木马,摆放
3068,0,0
3071,守城,鼓
3072,0,收拢
3081,帆,0
3082,电文,0
3084,0,0
3085,烟灰缸,0
3095,0,咬坏
3096,荷叶,0
3098,0,0
3103,0,0
3104,教皇,0
3106,国界,0
3107,龙,抱怨
3108,靴子,0
3122,乞丐,0
3130,先生,0
3132,财产,0
3134,内人,0
3135,稿纸,0
3137,0,绫罗
3138,石像,献
3145,0,遣送
3157,0,掩藏
3162,甜酒,0
3166,0,找
3171,坟坑,0
3173,铲子,0
3175,午餐,0
3180,火绳,0
3182,房间,0
3183,0,掖
3184,0,接叫
3186,老人,压缩
3187,圈椅,0
3191,面具,0
3197,亲王,0
3198,百叶窗,0
3199,鸟儿,0
3201,夫人,0
3203,0,划伤
3211,0,0
3219,0,0
3220,0,合并
3222,价码,0
3224,0,堆
3226,饮料,0
3230,0,转交
3233,斧头,0
3234,足球队,0
3235,0,沉
3239,猎枪,0
3242,毛毯,0
3249,0,叫
3250,光,0
3255,作家,干
3257,0,编
3261,野心,0
3263,骨灰,0
3264,指针,0
3265,模具,0
3269,通俗性,0
3272,0,抬高
3279,0,转运
3284,茶炊,0
3285,0,套
3287,面粉,0
3288,煤装,0
3289,驳船,0
3298,勺子,0
3306,渡船,0
3310,烟雾,0
3312,粥,0
3316,脚爪,0
3319,皮箱,0
3322,衣物,0
3326,0,做
3328,医师,0
3329,子女,0
3330,外人,0
3332,冰,0
3335,乘客,倚
3336,0,换
3342,工程师,0
3344,0,擦
3345,皮鞋,传送
3346,人类,0
3347,手心,0
3348,纸浆,带
3352,0,延续
3354,晚会,0
3359,数学,0
3361,0,汲
3362,图画,清洗
3368,0,抄写
3374,频道,0
3375,0,睁
3392,能,0
3393,0,装
3396,军帽,0
3397,军队,0
3398,鸭舌帽,0
3402,铁轨,扑
3408,黑人,0
3411,鼻烟盒,0
3412,水瓢,0
3421,面孔,0
3423,受害人,0
3428,鱼鳞,0
3430,海螺,0
3432,0,偎
3434,蝉,0
3436,虫子,0
3439,窗户,0
3440,被褥,0
3441,吸尘器,0
3442,回形针,0
3446,作业,0
3447,0,轰
3450,烟屁股,0
3451,邀请函,0
3452,0,凿
3454,众人,0
3456,相片,0
3457,内裤,0
3465,杏仁,0
3467,下巴,0
3474,腰带,0
3475,盆,0
3476,0,推迟
3482,考题,0
3486,0,拉开
3487,灰烬,0
3497,茶壶,0
3502,大军,0
3503,城池,0
3519,大本营,打印
3520,0,召集
3521,阵营,0
3522,战马,0
3524,公子,0
3530,0,0
3533,使者,0
3548,阵地,0
3551,墓地,0
3552,大师,0
3553,0,浮
3554,存款,0
3563,0,0
3565,重点,0
3566,人鱼,0
3567,项链,0
3573,竿子,0
3575,人参,0
3581,价格,0
3582,窗帘,0
3590,里子,0
3591,0,0
3593,热水袋,0
3594,0,缩
3598,0,0
3607,老头子,翘
3610,口红,0
3612,作文,0
3623,坐垫,0
3625,花子,0
3631,0,抡
3633,0,伏
3634,0,追赶
3635,灯塔,0
3637,恋人,0
3638,鸽子,0
3639,袖管,0
3640,肌肤,0
3643,眉笔,0
3648,0,引诱
3650,姐姐,0
3651,0,0
3653,尖刀,0
3656,纸灰,0
3667,年轻人,0
3669,牌价,0
3684,浪花,0
3691,遗嘱,0
3695,0,吓
3696,公爵,0
3697,0,卖
3710,诏书,0
3715,骰子,0
3716,竹鸡,0
3719,黄金,0
3720,金币,0
3722,债权,0
3725,0,迎接
3732,男爵,0
3735,门房,抚养
3736,0,拾
3738,0,趴
3739,0,蹭
3743,别墅,0
3747,鸡肉,0
3748,围巾,0
3750,外衣,0
3757,夹克,0
3761,谱架,0
3770,网篮,0
3775,头巾,0
3777,哨子,0
3782,宿营地,0
3783,0,批
3787,骨头,0
3797,糕点,0
3799,目标,0
3801,铁桶,0
3814,篮子,0
3815,木头,0
3821,皮革,0
3826,镣铐,0
3827,汗衫,0
3828,睡衣,0
3829,罪犯,0
3844,领带,0
3848,双胞胎,收
3849,行李箱,0
3850,床垫,0
3853,救济金,0
3855,塑像,0
3858,毯子,0
3861,老鼠,0
3862,晚饭,0
3864,0,争
3866,0,流放
3867,柠檬水,0
3869,婴儿车,0
3870,牛奶,0
3874,厨房,0
3878,0,0
3879,0,挂
3880,斗篷,0
3882,0,扒
3888,0,扫倒
3892,山,0
3897,大拇指,0
3900,坏蛋,0
3902,气体,0
3904,0,倒灌
3906,事物,0
3907,事务,0
3908,天性,0
3911,0,横
3913,袍子,0
3914,香肠,0
3921,电线杆,0
3924,信箱,0
3928,0,0
3930,公事包,0
3931,0,定到
3946,袋子,0
3947,0,堆放
3948,牛角,0
3949,0,淹没
3952,园艺,0
3954,技能,0
3961,0,放松
3962,左轮手枪,0
3969,旅行包,0
3970,前灯,0
3973,砾石,0
3975,0,锁
3977,塑料袋,0
3995,导火索,0
3998,插头,0
4000,铅笔,0
4006,0,0
4009,花瓣,0
4014,0,0
4020,跳栏,0
4031,0,0
4035,发动机,0
4042,0,0
4044,0,0
4045,睡椅,0
4048,手稿,0
4049,成语,0
4053,营地,0
4056,0,屈
4060,0,推崇
4062,烟草,0
4068,0,0
4074,0,哄抬
4081,0,铲
4086,枯草,0
4090,蛋,0
4092,神像,0
4093,石膏像,0
4094,0,停靠
4095,亮光,0
4097,0,加速
4111,感,0
4115,0,加快
4116,烛光,0
4118,蜡,0
4129,名声,0
4134,0,扔
4140,蝮蛇,0
4142,婴孩,0
4145,小孩儿,0
4149,0,卸
4152,现实,0
4153,0,0
4155,硬币,0
4160,蓝色,0
4164,0,升高
4168,皮褥子,0
4173,钟头,0
4179,0,把握
4181,0,架用
4183,0,退
4187,香气,0
4191,钱币,0
4195,0,散发
4196,画笔,0
4198,皮帽子,飞溅
4200,动物,0
4201,吗啡,0
4205,海龟,0
4208,椰子,0
4209,0,抢走
4210,救生艇,0
4214,弹珠,0
4215,茶水,0
4217,0,织
4218,公文包,0
4223,螺丝起子,0
4228,泪水,0
4232,烟幕,0
4234,电缆,0
4244,矿砂,0
4246,财宝,0
4247,0,才能
4248,牙齿,0
4249,谎言,0
4250,纺车,遮住
4251,本子,0
4253,歌词,0
4255,影子,0
4256,黑发,0
4257,0,生
4261,车篷,0
4263,0,环立
4266,0,0
4272,0,0
4273,0,盯
4276,请帖,0
4278,0,贯注
4282,0,0
4283,军士,0
4284,0,赢
4290,年鉴,0
4299,0,站直
4303,0,恢复
4305,0,调
4306,0,掺和
4307,长统袜,0
4309,刀叉,0
4313,0,折
4315,表弟,0
4318,配电盘,0
4319,耳屎,0
4321,青豆,0
4323,领,0
4326,毛巾被,0
4341,便笺,0
4342,肩,0
4343,病源,0
4349,避孕套,0
4351,0,注射
4353,爵士乐,0
4357,0,煎
4361,0,缝
4366,0,打
4369,肉豆蔻,0
4371,0,0
4372,钳子,0
4373,0,扫
4378,唱机,0
4380,板车,0
4397,0,咬
4411,窝,0
4413,药膏,0
4422,竹竿,0
4424,重量,0
4428,0,0
4431,大学,0
4433,0,摊
4436,姨妈,0
4438,0,拘留
4444,0,锁
4449,手杖,0
4452,衣领,0
4453,纸牌,0
4456,0,0
4457,0,0
4460,名单,0
4468,0,放任
4477,0,邀请
4478,木偶,0
4483,答案,0
4485,气分,0
4496,0,0
4498,妃子,0
4500,仙女,0
4501,0,架
4505,钉子,0
4506,耻辱,0
4508,0,算
4511,学费,0
4512,汁液,0
4517,药粉,0
4519,灰,0
4520,气门,0
4521,把脉,0
4522,处方,0
4531,笔记本,0
4533,夜幕,0
4541,小书,0
4542,0,煮沸
4543,车门,0
4563,电话机,0
4565,侍者,0
4566,愁容,0
4572,0,包裹
4574,0,缠绕
4580,单子,0
4584,0,0
4586,夹子,0
4587,0,聚拢
4600,书稿,0
4603,故居,0
4611,擀面杖,攒
4613,0,0
4616,水端,0
4619,场景,0
4620,证书,0
4622,0,维护
4629,三角裤,0
4639,坟墓,0
4640,地皮,联结
4650,诗史,0
4654,0,告诉
4656,封皮,0
4657,0,给拾
4661,纸张,0
4662,0,捆
4673,0,喷溅
4675,农妇,0
4676,冷水,0
4677,圆球,0
4679,0,保管
4680,诱饵,0
4683,长老,0
4684,玫瑰园,0
4685,囚徒,0
4692,蜂箱,0
4698,0,倚
4703,围裙,0
4707,战火,0
4709,字形,0
4710,0,0
4714,脸贴,0
4717,单词,0
4723,0,赚
4729,0,注意
4730,0,归咎
4732,绳,0
4733,0,脱落
4734,背包带,0
4741,盆端,0
4743,鱼钩,0
4745,钓丝,0
4774,货车,0
4775,洞,0
4782,丝袜,0
4784,0,渲染
4786,餐具,兜
4804,纱窗,0
4812,约会,0
4815,怨气,0
4818,0,0
4824,汽锅,0
4831,0,拥倒
4840,心事,0
4844,泥沙,0
4848,羊皮,0
4853,期刊,0
4861,奶油,0
4865,电话线,0
4868,抽屉,0
4871,0,0
4874,面团,0
4875,小人,0
4877,0,拼
4879,疾病,0
4881,甜点,0
4882,烤箱,0
4884,机票,0
4892,艾滋病毒,0
4897,摄像机,0
4898,手工艺品,0
4899,教科书,0
4905,卫兵,0
4908,0,撬
4914,毛线,0
4917,0,0
4922,0,破烂
4934,台阶,0
4936,0,裹
4941,北极星,0
4947,原料,0
4967,早餐,0
4973,0,亮
4974,血迹,0
4977,草塞,0
4978,餐刀,0
4986,0,延迟
4987,0,磕
4998,0,加热
5021,生人,0
5025,戒心,0
5027,同伴,0
5038,浮土,舔
5041,身世,0
5042,苦水,递
5046,妈派,0
5047,0,浇灭
5048,校长,0
5049,0,0
5053,货,堆
5054,药瓶,0
5059,仗,0
5064,葫芦,0
5068,裙裾,0
5071,皮夹子,0
5074,税额,0
5101,真理,0
5107,蘑菇,0
5108,肉丸,0
5110,肉藏,0
5125,糖浆,0
5132,泳裤,0
5136,栋梁,0
5137,军功章,0
5139,少校,0
5140,0,0
5147,香皂,0
5148,援军,0
5154,0,拉近
5156,指挥官,0
5169,木箱,0
5173,班,0
5175,引擎,0
5181,0,0
5189,浮云,0
5192,圆桌,0
5204,0,0
5206,0,合
5214,情妇,0
5215,侄女,0
5222,琴谱,0
5223,钢琴,0
5231,大众,0
5232,0,吞
5240,0,毙
5243,小包,0
5246,教授,偷运
5248,长笛,0
5259,乌鸦,0
5265,0,0
5271,0,0
5275,课本,0
5277,车站,0
5278,布景,0
5284,枪顶,0
5294,茶缸,0
5296,骑兵,0
5300,0,追求
5301,连队,0
5305,志愿军,0
5306,0,0
5309,权杖,0
5311,老爷子,0
5315,0,0
5317,夹克衫,0
5324,墨镜,0
5330,黑莓,0
5333,遥控器,0
5345,0,咧
5372,0,0
5374,甲壳,0
5381,0,开走
5387,0,抛
5390,0,0
5392,中尉,0
5409,电铃,0
5411,物价,0
5414,脚塞,0
5415,屏风,0
5418,台词,0
5423,0,修理
5430,套子,0
5435,主教,0
5436,雨水,0
5441,个人,0
5444,宇宙,0
5445,地窖,0
5446,文化,0
5447,长袜,0
5448,街垒,0
5453,众生,0
5454,跳板,0
5458,桅杆,0
5462,火把,0
5484,主席,0
5493,国旗,0
5498,0,喂
5502,伤兵,0
5503,饭巾,0
5506,瘟疫,0
5509,女婿,0
5511,敌意,0
5513,民众,0
5518,管理员,0
5520,粪,0
5529,圣经,0
5531,法衣,0
5537,0,猜
5547,诗歌,打扫
5551,蟾蜍,0
5559,衣架,0
5562,0,0
5572,0,0
5575,小弟,0
5580,0,发生
5591,脚平,0
5593,毒瓦斯,0
5594,资本主义,0
5595,结论,0
5596,农民,0
5597,0,淌
5613,灯泡,0
5616,意志力,0
5617,信号,0
5624,0,0
5627,0,丢
5634,网,0
5636,地基,0
5645,河道,0
5648,丝,0
5657,政治,0
5659,0,震
5668,农奴,引进
5676,0,0
5691,梳妆盒,0
5692,屁股,0
5694,手机,0
5701,男性,0
5710,来宾,0
5711,前途,0
5714,0,伸长
5716,树干,0
5718,猪肉,0
5720,马铃薯,0
5725,0,归还
5728,油布,0
5731,动力,0
5734,男孩,0
5736,画架,0
5738,0,延缓
5744,0,0
5756,浴巾,0
5757,0,0
5764,假面具,0
5765,酒钱,0
5770,飞机,0
5772,背景,0
5773,叫化子,0
5778,0,0
5785,性命,0
5790,外公,0
5792,哲学,0
5793,铁蒺藜,0
5797,0,0
5799,蜜蜂,0
5801,0,挑剩
5802,人间,0
5803,神,围
5809,弦,0
5812,病痛,0
5815,0,应用
5821,宴会,0
5826,水花,0
5830,神父,0
5833,手术,0
5836,情人,0
5840,0,传递
5843,真情,0
5846,条子,0
5850,电车,0
5853,合同期,0
5857,毛病,0
5858,0,挖
5862,0,0
5863,宗教,0
5869,女友,0
5874,收据,0
5876,铁棍,0
5877,口香糖,0
5878,文件,0
5882,彩蛋,0
5883,黄油,0
5886,0,0
5887,观众,0
5890,钻石,0
5891,0,甩
5894,0,晾
5898,0,爬
5912,情况,0
5923,0,0
5924,宴席,0
5925,0,骗
5927,代价,0
5931,0,0
5935,实情,0
5938,0,吞
5939,礼帽,0
5947,枪托,0
5959,弓箭,0
5972,货偷,0
5973,纸片,0
5974,脚踝,0
5981,沙盘,0
5988,噩梦,0
5993,废纸,0
5994,金属,0
6000,白鼻子,0
6007,瓜子,0
6011,指尖,0
6014,珠子,0
6016,音调,0
6018,内脏,0
6024,0,0
6030,0,寄托
6032,0,0
6038,裁缝,0
6042,笑声,0
6045,帽舌,0
6050,小车,0
6051,0,累
6054,吊桶,0
6056,骨架,拖延
6059,0,0
6062,0,喷射
6075,0,0
6079,铜,打发掉
6083,药学,0
6087,峰子,0
6091,0,0
6092,0,延长
6094,茶点,准备
6098,纸塞,0
6109,老板娘,0
6114,账单,0
6121,价压,0
6122,左轮枪,0
6124,带子,投掷
6125,关系,0
6126,炭火,0
6132,里屋,0
6154,0,0
6158,体重,0
6161,轿车,0
6162,0,0
6170,0,0
6171,0,控制
6180,鼠疫,0
6184,粮袋,0
6187,老爷,0
6192,毛笔,0
6195,折扇,0
6196,计划,0
6197,大臣,0
6199,杆子,0
6200,频率,抵
6203,航向,0
6206,风门,0
6214,救火员,0
6215,0,0
6216,心脏,0
6221,血样,0
6240,救护车,0
6242,0,码
6243,0,分拣
6246,0,引申
6247,董事长,0
6249,报告,0
6253,票,0
6258,起落架,0
6265,0,0
6283,加速器,0
6284,0,0
6286,0,蜷缩
6287,损失,0
6291,证据,0
6292,0,晃荡
6298,银行,0
6304,饭锅,0
6305,0,俯
6313,0,0
6327,0,晃
6330,0,介绍
6352,0,复述
6363,0,发行
6370,0,缔结
6403,0,0
6412,0,疏散
6437,0,0
6448,0,0
6452,0,扳
6458,0,集中
6471,0,0
6499,0,调低
6509,0,0
6519,0,0
6531,0,0
6533,0,0
6535,0,0
6540,0,0